,0,total_position_value
2014-01-30,0.0,0.0
2014-02-07,0.0,0.0
2014-02-10,0.0,0.0
2014-02-11,0.0,0.0
2014-02-12,0.0,0.0
2014-02-13,0.0,0.0
2014-02-14,0.0,0.0
2014-02-17,0.0,0.0
2014-02-18,0.0,0.0
2014-02-19,0.0,0.0
2014-02-20,0.0,0.0
2014-02-21,0.0,0.0
2014-02-24,0.0,0.0
2014-02-25,0.0,0.0
2014-02-26,0.0,0.0
2014-02-27,0.0,0.0
2014-02-28,0.0,0.0
2014-03-03,0.0,0.0
2014-03-04,0.0,0.0
2014-03-05,0.0,0.0
2014-03-06,0.0,0.0
2014-03-07,0.0,0.0
2014-03-10,0.0,0.0
2014-03-11,0.0,0.0
2014-03-12,0.0,0.0
2014-03-13,0.0,0.0
2014-03-14,0.0,0.0
2014-03-17,0.0,0.0
2014-03-18,0.0,0.0
2014-03-19,0.0,0.0
2014-03-20,0.0,0.0
2014-03-21,0.0,0.0
2014-03-24,0.0,0.0
2014-03-25,0.0,0.0
2014-03-26,0.0,0.0
2014-03-27,0.0,0.0
2014-03-28,0.0,0.0
2014-03-31,0.0,0.0
2014-04-01,0.0,0.0
2014-04-02,0.0,0.0
2014-04-03,0.0,0.0
2014-04-04,0.0,0.0
2014-04-08,0.0,0.0
2014-04-09,631571.9999999999,631571.9999999999
2014-04-10,640290.0,640290.0
2014-04-11,639162.0,639162.0
2014-04-14,639462.0,639462.0
2014-04-15,630480.0,630480.0
2014-04-16,631536.0,631536.0
2014-04-17,629667.0,629667.0
2014-04-18,629325.0,629325.0
2014-04-21,619749.0,619749.0
2014-04-22,621849.0,621849.0
2014-04-23,619908.0,619908.0
2014-04-24,617109.0000000001,617109.0000000001
2014-04-25,610956.0,610956.0
2014-04-28,0.0,0.0
2014-04-29,0.0,0.0
2014-04-30,0.0,0.0
2014-05-05,0.0,0.0
2014-05-06,0.0,0.0
2014-05-07,0.0,0.0
2014-05-08,0.0,0.0
2014-05-09,0.0,0.0
2014-05-12,0.0,0.0
2014-05-13,0.0,0.0
2014-05-14,0.0,0.0
2014-05-15,0.0,0.0
2014-05-16,0.0,0.0
2014-05-19,0.0,0.0
2014-05-20,0.0,0.0
2014-05-21,0.0,0.0
2014-05-22,0.0,0.0
2014-05-23,0.0,0.0
2014-05-26,0.0,0.0
2014-05-27,0.0,0.0
2014-05-28,0.0,0.0
2014-05-29,0.0,0.0
2014-05-30,0.0,0.0
2014-06-03,0.0,0.0
2014-06-04,0.0,0.0
2014-06-05,0.0,0.0
2014-06-06,0.0,0.0
2014-06-09,0.0,0.0
2014-06-10,0.0,0.0
2014-06-11,0.0,0.0
2014-06-12,0.0,0.0
2014-06-13,0.0,0.0
2014-06-16,0.0,0.0
2014-06-17,0.0,0.0
2014-06-18,0.0,0.0
2014-06-19,0.0,0.0
2014-06-20,0.0,0.0
2014-06-23,0.0,0.0
2014-06-24,0.0,0.0
2014-06-25,0.0,0.0
2014-06-26,0.0,0.0
2014-06-27,0.0,0.0
2014-06-30,0.0,0.0
2014-07-01,0.0,0.0
2014-07-02,0.0,0.0
2014-07-03,0.0,0.0
2014-07-04,0.0,0.0
2014-07-07,0.0,0.0
2014-07-08,0.0,0.0
2014-07-09,0.0,0.0
2014-07-10,0.0,0.0
2014-07-11,0.0,0.0
2014-07-14,0.0,0.0
2014-07-15,0.0,0.0
2014-07-16,0.0,0.0
2014-07-17,0.0,0.0
2014-07-18,0.0,0.0
2014-07-21,0.0,0.0
2014-07-22,0.0,0.0
2014-07-23,0.0,0.0
2014-07-24,0.0,0.0
2014-07-25,0.0,0.0
2014-07-28,0.0,0.0
2014-07-29,873276.0,873276.0
2014-07-30,872495.9999999999,872495.9999999999
2014-07-31,880624.0,880624.0
2014-08-01,874120.0000000001,874120.0000000001
2014-08-04,889332.0,889332.0
2014-08-05,887979.9999999999,887979.9999999999
2014-08-06,886987.9999999999,886987.9999999999
2014-08-07,875068.0,875068.0
2014-08-08,877771.9999999999,877771.9999999999
2014-08-11,889860.0,889860.0
2014-08-12,888636.0,888636.0
2014-08-13,889152.0,889152.0
2014-08-14,882587.9999999999,882587.9999999999
2014-08-15,890692.0,890692.0
2014-08-18,895787.9999999999,895787.9999999999
2014-08-19,898132.0,898132.0
2014-08-20,896084.0,896084.0
2014-08-21,892184.0,892184.0
2014-08-22,896324.0,896324.0
2014-08-25,891708.0,891708.0
2014-08-26,882844.0,882844.0
2014-08-27,883787.9999999999,883787.9999999999
2014-08-28,878328.0000000001,878328.0000000001
2014-08-29,886879.9999999999,886879.9999999999
2014-09-01,894204.0000000001,894204.0000000001
2014-09-02,906420.0000000001,906420.0000000001
2014-09-03,915452.0,915452.0
2014-09-04,922744.0,922744.0
2014-09-05,930571.9999999999,930571.9999999999
2014-09-09,930612.0000000001,930612.0000000001
2014-09-10,927320.0000000001,927320.0000000001
2014-09-11,924671.9999999999,924671.9999999999
2014-09-12,932779.9999999999,932779.9999999999
2014-09-15,935656.0,935656.0
2014-09-16,918620.0000000001,918620.0000000001
2014-09-17,923156.0,923156.0
2014-09-18,926371.9999999999,926371.9999999999
2014-09-19,931779.9999999999,931779.9999999999
2014-09-22,915948.0,915948.0
2014-09-23,923887.9999999999,923887.9999999999
2014-09-24,937428.0000000001,937428.0000000001
2014-09-25,938040.0,938040.0
2014-09-26,939087.9999999999,939087.9999999999
2014-09-29,943084.0,943084.0
2014-09-30,945548.0,945548.0
2014-10-08,953116.0,953116.0
2014-10-09,955748.0,955748.0
2014-10-10,949816.0,949816.0
2014-10-13,946404.0000000001,946404.0000000001
2014-10-14,943792.0,943792.0
2014-10-15,949468.0,949468.0
2014-10-16,942600.0,942600.0
2014-10-17,936471.9999999999,936471.9999999999
2014-10-20,942692.0,942692.0
2014-10-21,935864.0,935864.0
2014-10-22,930620.0000000001,930620.0000000001
2014-10-23,920968.0,920968.0
2014-10-24,0.0,0.0
2014-10-27,0.0,0.0
2014-10-28,0.0,0.0
2014-10-29,0.0,0.0
2014-10-30,0.0,0.0
2014-10-31,0.0,0.0
2014-11-03,729009.0000000001,729009.0000000001
2014-11-04,729204.0,729204.0
2014-11-05,725775.0,725775.0
2014-11-06,727758.0,727758.0
2014-11-07,725451.0,725451.0
2014-11-10,742101.0,742101.0
2014-11-11,740901.0,740901.0
2014-11-12,748344.0,748344.0
2014-11-13,745683.0,745683.0
2014-11-14,743646.0,743646.0
2014-11-17,742203.0000000001,742203.0000000001
2014-11-18,736911.0,736911.0
2014-11-19,735296.9999999999,735296.9999999999
2014-11-20,735798.0,735798.0
2014-11-21,746037.0,746037.0
2014-11-24,759864.0,759864.0
2014-11-25,770280.0,770280.0
2014-11-26,781302.0,781302.0
2014-11-27,789146.9999999999,789146.9999999999
2014-11-28,804849.0,804849.0
2014-12-01,804048.0,804048.0
2014-12-02,829062.0,829062.0
2014-12-03,833856.0,833856.0
2014-12-04,869838.0,869838.0
2014-12-05,881295.0,881295.0
2014-12-08,906078.0000000001,906078.0000000001
2014-12-09,856881.0,856881.0
2014-12-10,882003.0000000001,882003.0000000001
2014-12-11,877721.9999999999,877721.9999999999
2014-12-12,881451.0,881451.0
2014-12-15,886026.0,886026.0
2014-12-16,906456.0,906456.0
2014-12-17,918306.0,918306.0
2014-12-18,917256.0,917256.0
2014-12-19,932580.0,932580.0
2014-12-22,938235.0,938235.0
2014-12-23,909783.0,909783.0
2014-12-24,891759.0000000001,891759.0000000001
2014-12-25,921762.0,921762.0
2014-12-26,947280.0,947280.0
2014-12-29,950406.0,950406.0
2014-12-30,949743.0,949743.0
2014-12-31,970404.0,970404.0
2015-01-05,1005156.0,1005156.0
2015-01-06,1005435.0,1005435.0
2015-01-07,1012185.0,1012185.0
2015-01-08,988038.0,988038.0
2015-01-09,985623.0,985623.0
2015-01-12,968796.0,968796.0
2015-01-13,970590.0,970590.0
2015-01-14,966732.0,966732.0
2015-01-15,1000938.0,1000938.0
2015-01-16,1012950.0,1012950.0
2015-01-19,934905.0,934905.0
2015-01-20,951915.0,951915.0
2015-01-21,997083.0,997083.0
2015-01-22,1003002.0,1003002.0
2015-01-23,1005528.0000000001,1005528.0000000001
2015-01-26,1014954.0,1014954.0
2015-01-27,1005888.0,1005888.0
2015-01-28,991721.9999999999,991721.9999999999
2015-01-29,978690.0,978690.0
2015-01-30,963108.0,963108.0
2015-02-02,938490.0,938490.0
2015-02-03,961473.0,961473.0
2015-02-04,952239.0,952239.0
2015-02-05,940959.0000000001,940959.0000000001
2015-02-06,922773.0,922773.0
2015-02-09,0.0,0.0
2015-02-10,0.0,0.0
2015-02-11,0.0,0.0
2015-02-12,0.0,0.0
2015-02-13,0.0,0.0
2015-02-16,0.0,0.0
2015-02-17,0.0,0.0
2015-02-25,0.0,0.0
2015-02-26,0.0,0.0
2015-02-27,0.0,0.0
2015-03-02,0.0,0.0
2015-03-03,0.0,0.0
2015-03-04,0.0,0.0
2015-03-05,0.0,0.0
2015-03-06,0.0,0.0
2015-03-09,0.0,0.0
2015-03-10,0.0,0.0
2015-03-11,0.0,0.0
2015-03-12,0.0,0.0
2015-03-13,674582.0,674582.0
2015-03-16,689860.0,689860.0
2015-03-17,700570.0,700570.0
2015-03-18,715460.0,715460.0
2015-03-19,716454.0,716454.0
2015-03-20,723464.0,723464.0
2015-03-23,737546.0,737546.0
2015-03-24,738282.0,738282.0
2015-03-25,732146.0,732146.0
2015-03-26,736418.0,736418.0
2015-03-27,738219.2,738219.2
2015-03-30,757314.0,757314.0
2015-03-31,749580.0,749580.0
2015-04-01,762058.0,762058.0
2015-04-02,765156.0,765156.0
2015-04-03,772786.0,772786.0
2015-04-07,792276.0,792276.0
2015-04-08,798962.0,798962.0
2015-04-09,791506.0,791506.0
2015-04-10,806862.0,806862.0
2015-04-13,824342.0,824342.0
2015-04-14,827112.0000000001,827112.0000000001
2015-04-15,816832.0,816832.0
2015-04-16,838964.0,838964.0
2015-04-17,857460.0,857460.0
2015-04-20,843416.0,843416.0
2015-04-21,858724.0,858724.0
2015-04-22,879698.0,879698.0
2015-04-23,882902.0,882902.0
2015-04-24,878737.9999999999,878737.9999999999
2015-04-27,905479.9999999999,905479.9999999999
2015-04-28,895242.0,895242.0
2015-04-29,895324.0,895324.0
2015-04-30,888329.9999999999,888329.9999999999
2015-05-04,896092.0,896092.0
2015-05-05,859742.0,859742.0
2015-05-06,845854.0000000001,845854.0000000001
2015-05-07,822442.0,822442.0
2015-05-08,841184.0,841184.0
2015-05-11,866716.0,866716.0
2015-05-12,880244.0,880244.0
2015-05-13,875152.0,875152.0
2015-05-14,875662.0000000001,875662.0000000001
2015-05-15,861737.9999999999,861737.9999999999
2015-05-18,856698.0,856698.0
2015-05-19,883510.0,883510.0
2015-05-20,889258.0,889258.0
2015-05-21,905884.0,905884.0
2015-05-22,931520.0000000001,931520.0000000001
2015-05-25,962760.0,962760.0
2015-05-26,982179.9999999999,982179.9999999999
2015-05-27,988342.0,988342.0
2015-05-28,924054.0000000001,924054.0000000001
2015-05-29,922348.0,922348.0
2015-06-01,965748.0,965748.0
2015-06-02,982106.0,982106.0
2015-06-03,981995.9999999999,981995.9999999999
2015-06-04,989420.0000000001,989420.0000000001
2015-06-05,1004620.0000000001,1004620.0000000001
2015-06-08,1026376.0,1026376.0
2015-06-09,1022706.0,1022706.0
2015-06-10,1021208.0,1021208.0
2015-06-11,1024318.0,1024318.0
2015-06-12,1033270.0000000001,1033270.0000000001
2015-06-15,1012598.0,1012598.0
2015-06-16,977486.0,977486.0
2015-06-17,993579.9999999999,993579.9999999999
2015-06-18,957071.9999999999,957071.9999999999
2015-06-19,895671.9999999999,895671.9999999999
2015-06-23,915298.0,915298.0
2015-06-24,938029.9999999999,938029.9999999999
2015-06-25,905556.0,905556.0
2015-06-26,838574.0,838574.0
2015-06-29,0.0,0.0
2015-06-30,0.0,0.0
2015-07-01,0.0,0.0
2015-07-02,0.0,0.0
2015-07-03,0.0,0.0
2015-07-06,0.0,0.0
2015-07-07,0.0,0.0
2015-07-08,0.0,0.0
2015-07-09,0.0,0.0
2015-07-10,0.0,0.0
2015-07-13,0.0,0.0
2015-07-14,0.0,0.0
2015-07-15,0.0,0.0
2015-07-16,0.0,0.0
2015-07-17,0.0,0.0
2015-07-20,0.0,0.0
2015-07-21,0.0,0.0
2015-07-22,0.0,0.0
2015-07-23,0.0,0.0
2015-07-24,0.0,0.0
2015-07-27,0.0,0.0
2015-07-28,0.0,0.0
2015-07-29,0.0,0.0
2015-07-30,0.0,0.0
2015-07-31,0.0,0.0
2015-08-03,0.0,0.0
2015-08-04,0.0,0.0
2015-08-05,0.0,0.0
2015-08-06,0.0,0.0
2015-08-07,0.0,0.0
2015-08-10,0.0,0.0
2015-08-11,0.0,0.0
2015-08-12,0.0,0.0
2015-08-13,0.0,0.0
2015-08-14,0.0,0.0
2015-08-17,0.0,0.0
2015-08-18,0.0,0.0
2015-08-19,0.0,0.0
2015-08-20,0.0,0.0
2015-08-21,0.0,0.0
2015-08-24,0.0,0.0
2015-08-25,0.0,0.0
2015-08-26,0.0,0.0
2015-08-27,0.0,0.0
2015-08-28,0.0,0.0
2015-08-31,0.0,0.0
2015-09-01,0.0,0.0
2015-09-02,0.0,0.0
2015-09-07,0.0,0.0
2015-09-08,0.0,0.0
2015-09-09,0.0,0.0
2015-09-10,0.0,0.0
2015-09-11,0.0,0.0
2015-09-14,0.0,0.0
2015-09-15,0.0,0.0
2015-09-16,0.0,0.0
2015-09-17,0.0,0.0
2015-09-18,0.0,0.0
2015-09-21,0.0,0.0
2015-09-22,0.0,0.0
2015-09-23,0.0,0.0
2015-09-24,0.0,0.0
2015-09-25,0.0,0.0
2015-09-28,0.0,0.0
2015-09-29,0.0,0.0
2015-09-30,0.0,0.0
2015-10-08,0.0,0.0
2015-10-09,0.0,0.0
2015-10-12,0.0,0.0
2015-10-13,329323.0,329323.0
2015-10-14,326244.0,326244.0
2015-10-15,333807.0,333807.0
2015-10-16,678270.0,678270.0
2015-10-19,677340.0,677340.0
2015-10-20,685066.0,685066.0
2015-10-21,1328272.0,1328272.0
2015-10-22,1347496.0,1347496.0
2015-10-23,1364972.0,1364972.0
2015-10-26,1371832.0,1371832.0
2015-10-27,1373736.0,1373736.0
2015-10-28,1350080.0,1350080.0
2015-10-29,1354924.0,1354924.0
2015-10-30,1353024.0,1353024.0
2015-11-02,1330032.0,1330032.0
2015-11-03,1326680.0,1326680.0
2015-11-04,1383856.0,1383856.0
2015-11-05,1409128.0,1409128.0
2015-11-06,1436012.0,1436012.0
2015-11-09,1458752.0,1458752.0
2015-11-10,1456196.0,1456196.0
2015-11-11,1460100.0,1460100.0
2015-11-12,1453160.0,1453160.0
2015-11-13,1432336.0,1432336.0
2015-11-16,1442784.0,1442784.0
2015-11-17,1441916.0,1441916.0
2015-11-18,1427388.0,1427388.0
2015-11-19,1446824.0,1446824.0
2015-11-20,1452200.0,1452200.0
2015-11-23,1444124.0,1444124.0
2015-11-24,1446444.0,1446444.0
2015-11-25,1459172.0,1459172.0
2015-11-26,1454220.0,1454220.0
2015-11-27,1374520.0,1374520.0
2015-11-30,0.0,0.0
2015-12-01,0.0,0.0
2015-12-02,0.0,0.0
2015-12-03,0.0,0.0
2015-12-04,0.0,0.0
2015-12-07,0.0,0.0
2015-12-08,0.0,0.0
2015-12-09,0.0,0.0
2015-12-10,0.0,0.0
2015-12-11,0.0,0.0
2015-12-14,0.0,0.0
2015-12-15,0.0,0.0
2015-12-16,0.0,0.0
2015-12-17,0.0,0.0
2015-12-18,0.0,0.0
2015-12-21,0.0,0.0
2015-12-22,0.0,0.0
2015-12-23,0.0,0.0
2015-12-24,0.0,0.0
2015-12-25,0.0,0.0
2015-12-28,0.0,0.0
2015-12-29,0.0,0.0
2015-12-30,0.0,0.0
2015-12-31,0.0,0.0
2016-01-04,0.0,0.0
2016-01-05,0.0,0.0
2016-01-06,0.0,0.0
2016-01-07,0.0,0.0
2016-01-08,0.0,0.0
2016-01-11,0.0,0.0
2016-01-12,0.0,0.0
2016-01-13,0.0,0.0
2016-01-14,0.0,0.0
2016-01-15,0.0,0.0
2016-01-18,0.0,0.0
2016-01-19,0.0,0.0
2016-01-20,0.0,0.0
2016-01-21,0.0,0.0
2016-01-22,0.0,0.0
2016-01-25,0.0,0.0
2016-01-26,0.0,0.0
2016-01-27,0.0,0.0
2016-01-28,0.0,0.0
2016-01-29,0.0,0.0
2016-02-01,0.0,0.0
2016-02-02,0.0,0.0
2016-02-03,0.0,0.0
2016-02-04,0.0,0.0
2016-02-05,0.0,0.0
2016-02-15,0.0,0.0
2016-02-16,0.0,0.0
2016-02-17,0.0,0.0
2016-02-18,0.0,0.0
2016-02-19,0.0,0.0
2016-02-22,0.0,0.0
2016-02-23,0.0,0.0
2016-02-24,0.0,0.0
2016-02-25,0.0,0.0
2016-02-26,0.0,0.0
2016-02-29,0.0,0.0
2016-03-01,0.0,0.0
2016-03-02,0.0,0.0
2016-03-03,0.0,0.0
2016-03-04,0.0,0.0
2016-03-07,0.0,0.0
2016-03-08,0.0,0.0
2016-03-09,0.0,0.0
2016-03-10,0.0,0.0
2016-03-11,0.0,0.0
2016-03-14,0.0,0.0
2016-03-15,0.0,0.0
2016-03-16,0.0,0.0
2016-03-17,0.0,0.0
2016-03-18,0.0,0.0
2016-03-21,603760.0,603760.0
2016-03-22,1199744.0,1199744.0
2016-03-23,1203984.0,1203984.0
2016-03-24,1184388.0,1184388.0
2016-03-25,1191772.0,1191772.0
2016-03-28,1183128.0,1183128.0
2016-03-29,1167932.0,1167932.0
2016-03-30,1200260.0,1200260.0
2016-03-31,1201568.0,1201568.0
2016-04-01,1203812.0,1203812.0
2016-04-05,1221228.0,1221228.0
2016-04-06,1220236.0,1220236.0
2016-04-07,1203368.0,1203368.0
2016-04-08,1193984.0,1193984.0
2016-04-11,1213584.0,1213584.0
2016-04-12,1209460.0,1209460.0
2016-04-13,1226656.0,1226656.0
2016-04-14,1232944.0,1232944.0
2016-04-15,1231248.0,1231248.0
2016-04-18,1213464.0,1213464.0
2016-04-19,1217128.0,1217128.0
2016-04-20,1189032.0,1189032.0
2016-04-21,1181156.0,1181156.0
2016-04-22,1183696.0,1183696.0
2016-04-25,1178668.0,1178668.0
2016-04-26,1185880.0,1185880.0
2016-04-27,1181468.0,1181468.0
2016-04-28,1178236.0,1178236.0
2016-04-29,1175328.0,1175328.0
2016-05-03,1197056.0,1197056.0
2016-05-04,1196508.0,1196508.0
2016-05-05,1199136.0,1199136.0
2016-05-06,1165300.0,1165300.0
2016-05-09,1132844.0,1132844.0
2016-05-10,0.0,0.0
2016-05-11,0.0,0.0
2016-05-12,0.0,0.0
2016-05-13,0.0,0.0
2016-05-16,0.0,0.0
2016-05-17,0.0,0.0
2016-05-18,0.0,0.0
2016-05-19,0.0,0.0
2016-05-20,0.0,0.0
2016-05-23,0.0,0.0
2016-05-24,0.0,0.0
2016-05-25,0.0,0.0
2016-05-26,0.0,0.0
2016-05-27,0.0,0.0
2016-05-30,0.0,0.0
2016-05-31,0.0,0.0
2016-06-01,0.0,0.0
2016-06-02,0.0,0.0
2016-06-03,0.0,0.0
2016-06-06,0.0,0.0
2016-06-07,0.0,0.0
2016-06-08,0.0,0.0
2016-06-13,0.0,0.0
2016-06-14,0.0,0.0
2016-06-15,0.0,0.0
2016-06-16,0.0,0.0
2016-06-17,0.0,0.0
2016-06-20,0.0,0.0
2016-06-21,0.0,0.0
2016-06-22,0.0,0.0
2016-06-23,0.0,0.0
2016-06-24,0.0,0.0
2016-06-27,0.0,0.0
2016-06-28,0.0,0.0
2016-06-29,0.0,0.0
2016-06-30,0.0,0.0
2016-07-01,0.0,0.0
2016-07-04,0.0,0.0
2016-07-05,901917.0,901917.0
2016-07-06,905187.0,905187.0
2016-07-07,905055.0,905055.0
2016-07-08,896427.0,896427.0
2016-07-11,898476.0,898476.0
2016-07-12,914814.0,914814.0
2016-07-13,918207.0,918207.0
2016-07-14,916206.0,916206.0
2016-07-15,916290.0,916290.0
2016-07-18,913068.0,913068.0
2016-07-19,910980.0,910980.0
2016-07-20,908370.0,908370.0
2016-07-21,911703.0000000001,911703.0000000001
2016-07-22,903846.0,903846.0
2016-07-25,904749.0,904749.0
2016-07-26,915051.0,915051.0
2016-07-27,897600.0,897600.0
2016-07-28,898296.0,898296.0
2016-07-29,893802.0,893802.0
2016-08-01,886017.0,886017.0
2016-08-02,891384.0000000001,891384.0000000001
2016-08-03,893538.0,893538.0
2016-08-04,894729.0,894729.0
2016-08-05,893010.0,893010.0
2016-08-08,901284.0000000001,901284.0000000001
2016-08-09,907704.0,907704.0
2016-08-10,905625.0,905625.0
2016-08-11,900792.0,900792.0
2016-08-12,915201.0,915201.0
2016-08-15,937560.0,937560.0
2016-08-16,933012.0,933012.0
2016-08-17,932865.0,932865.0
2016-08-18,931233.0,931233.0
2016-08-19,932430.0,932430.0
2016-08-22,925443.0,925443.0
2016-08-23,926913.0,926913.0
2016-08-24,925764.0,925764.0
2016-08-25,920499.0,920499.0
2016-08-26,921093.0,921093.0
2016-08-29,921009.0000000001,921009.0000000001
2016-08-30,922404.0,922404.0
2016-08-31,925646.9999999999,925646.9999999999
2016-09-01,918993.0,918993.0
2016-09-02,920205.0,920205.0
2016-09-05,921630.0,921630.0
2016-09-06,927213.0,927213.0
2016-09-07,927579.0,927579.0
2016-09-08,928785.0,928785.0
2016-09-09,923655.0,923655.0
2016-09-12,906594.0,906594.0
2016-09-13,0.0,0.0
2016-09-14,0.0,0.0
2016-09-19,0.0,0.0
2016-09-20,0.0,0.0
2016-09-21,0.0,0.0
2016-09-22,0.0,0.0
2016-09-23,0.0,0.0
2016-09-26,0.0,0.0
2016-09-27,0.0,0.0
2016-09-28,0.0,0.0
2016-09-29,0.0,0.0
2016-09-30,0.0,0.0
2016-10-10,0.0,0.0
2016-10-11,0.0,0.0
2016-10-12,0.0,0.0
2016-10-13,0.0,0.0
2016-10-14,0.0,0.0
2016-10-17,0.0,0.0
2016-10-18,0.0,0.0
2016-10-19,0.0,0.0
2016-10-20,0.0,0.0
2016-10-21,0.0,0.0
2016-10-24,0.0,0.0
2016-10-25,0.0,0.0
2016-10-26,0.0,0.0
2016-10-27,0.0,0.0
2016-10-28,0.0,0.0
2016-10-31,0.0,0.0
2016-11-01,0.0,0.0
2016-11-02,0.0,0.0
2016-11-03,0.0,0.0
2016-11-04,0.0,0.0
2016-11-07,0.0,0.0
2016-11-08,0.0,0.0
2016-11-09,0.0,0.0
2016-11-10,0.0,0.0
2016-11-11,0.0,0.0
2016-11-14,0.0,0.0
2016-11-15,0.0,0.0
2016-11-16,0.0,0.0
2016-11-17,0.0,0.0
2016-11-18,0.0,0.0
2016-11-21,0.0,0.0
2016-11-22,0.0,0.0
2016-11-23,0.0,0.0
2016-11-24,0.0,0.0
2016-11-25,0.0,0.0
2016-11-28,0.0,0.0
2016-11-29,0.0,0.0
2016-11-30,0.0,0.0
2016-12-01,0.0,0.0
2016-12-02,0.0,0.0
2016-12-05,0.0,0.0
2016-12-06,0.0,0.0
2016-12-07,0.0,0.0
2016-12-08,0.0,0.0
2016-12-09,0.0,0.0
2016-12-12,0.0,0.0
2016-12-13,0.0,0.0
2016-12-14,0.0,0.0
2016-12-15,0.0,0.0
2016-12-16,0.0,0.0
2016-12-19,0.0,0.0
2016-12-20,0.0,0.0
2016-12-21,0.0,0.0
2016-12-22,0.0,0.0
2016-12-23,0.0,0.0
2016-12-26,0.0,0.0
2016-12-27,0.0,0.0
2016-12-28,0.0,0.0
2016-12-29,0.0,0.0
2016-12-30,0.0,0.0
2017-01-03,0.0,0.0
2017-01-04,0.0,0.0
2017-01-05,0.0,0.0
2017-01-06,0.0,0.0
2017-01-09,0.0,0.0
2017-01-10,0.0,0.0
2017-01-11,0.0,0.0
2017-01-12,0.0,0.0
2017-01-13,0.0,0.0
2017-01-16,0.0,0.0
2017-01-17,0.0,0.0
2017-01-18,0.0,0.0
2017-01-19,0.0,0.0
2017-01-20,0.0,0.0
2017-01-23,0.0,0.0
2017-01-24,0.0,0.0
2017-01-25,0.0,0.0
2017-01-26,0.0,0.0
2017-02-03,0.0,0.0
2017-02-06,0.0,0.0
2017-02-07,0.0,0.0
2017-02-08,0.0,0.0
2017-02-09,0.0,0.0
2017-02-10,1278680.0,1278680.0
2017-02-13,1286736.0,1286736.0
2017-02-14,1287172.0,1287172.0
2017-02-15,1285196.0,1285196.0
2017-02-16,1291848.0,1291848.0
2017-02-17,1280832.0,1280832.0
2017-02-20,1295984.0,1295984.0
2017-02-21,1301332.0,1301332.0
2017-02-22,1304488.0,1304488.0
2017-02-23,1300552.0,1300552.0
2017-02-24,1301372.0,1301372.0
2017-02-27,1291464.0,1291464.0
2017-02-28,1296692.0,1296692.0
2017-03-01,1298772.0,1298772.0
2017-03-02,1292012.0,1292012.0
2017-03-03,1287324.0,1287324.0
2017-03-06,1293548.0,1293548.0
2017-03-07,1296964.0,1296964.0
2017-03-08,1296264.0,1296264.0
2017-03-09,1286700.0,1286700.0
2017-03-10,1285104.0,1285104.0
2017-03-13,1294808.0,1294808.0
2017-03-14,1295732.0,1295732.0
2017-03-15,1296704.0,1296704.0
2017-03-16,1307576.0,1307576.0
2017-03-17,1294980.0,1294980.0
2017-03-20,1300324.0,1300324.0
2017-03-21,1304644.0,1304644.0
2017-03-22,1298088.0,1298088.0
2017-03-23,1299420.0,1299420.0
2017-03-24,1307780.0,1307780.0
2017-03-27,1306784.0,1306784.0
2017-03-28,1301180.0,1301180.0
2017-03-29,1296524.0,1296524.0
2017-03-30,1284096.0,1284096.0
2017-03-31,1289004.0,1289004.0
2017-04-05,1308124.0,1308124.0
2017-04-06,1312400.0,1312400.0
2017-04-07,1314648.0,1314648.0
2017-04-10,1307756.0,1307756.0
2017-04-11,1315588.0,1315588.0
2017-04-12,1309532.0,1309532.0
2017-04-13,1310384.0,1310384.0
2017-04-14,1298428.0,1298428.0
2017-04-17,1288868.0,1288868.0
2017-04-18,1278684.0,1278684.0
2017-04-19,1268276.0,1268276.0
2017-04-20,0.0,0.0
2017-04-21,0.0,0.0
2017-04-24,0.0,0.0
2017-04-25,0.0,0.0
2017-04-26,0.0,0.0
2017-04-27,0.0,0.0
2017-04-28,0.0,0.0
2017-05-02,0.0,0.0
2017-05-03,0.0,0.0
2017-05-04,0.0,0.0
2017-05-05,0.0,0.0
2017-05-08,0.0,0.0
2017-05-09,0.0,0.0
2017-05-10,0.0,0.0
2017-05-11,0.0,0.0
2017-05-12,0.0,0.0
2017-05-15,0.0,0.0
2017-05-16,0.0,0.0
2017-05-17,0.0,0.0
2017-05-18,0.0,0.0
2017-05-19,0.0,0.0
2017-05-22,0.0,0.0
2017-05-23,0.0,0.0
2017-05-24,0.0,0.0
2017-05-25,0.0,0.0
2017-05-26,0.0,0.0
2017-05-31,0.0,0.0
2017-06-01,0.0,0.0
2017-06-02,0.0,0.0
2017-06-05,0.0,0.0
2017-06-06,0.0,0.0
2017-06-07,0.0,0.0
2017-06-08,0.0,0.0
2017-06-09,0.0,0.0
2017-06-12,1255952.0,1255952.0
2017-06-13,1261496.0,1261496.0
2017-06-14,1252268.0,1252268.0
2017-06-15,1252996.0,1252996.0
2017-06-16,1249268.0,1249268.0
2017-06-19,1257748.0,1257748.0
2017-06-20,1256004.0,1256004.0
2017-06-21,1262484.0,1262484.0
2017-06-22,1258980.0,1258980.0
2017-06-23,1263148.0,1263148.0
2017-06-26,1274176.0,1274176.0
2017-06-27,1276480.0,1276480.0
2017-06-28,1269280.0,1269280.0
2017-06-29,1275224.0,1275224.0
2017-06-30,1276972.0,1276972.0
2017-07-03,1278364.0,1278364.0
2017-07-04,1273120.0,1273120.0
2017-07-05,1282852.0,1282852.0
2017-07-06,1284976.0,1284976.0
2017-07-07,1287184.0,1287184.0
2017-07-10,1285052.0,1285052.0
2017-07-11,1281216.0,1281216.0
2017-07-12,1279016.0,1279016.0
2017-07-13,1287264.0,1287264.0
2017-07-14,1288968.0,1288968.0
2017-07-17,1270584.0,1270584.0
2017-07-18,1275028.0,1275028.0
2017-07-19,1292392.0,1292392.0
2017-07-20,1297944.0,1297944.0
2017-07-21,1295192.0,1295192.0
2017-07-24,1300240.0,1300240.0
2017-07-25,1297476.0,1297476.0
2017-07-26,1299068.0,1299068.0
2017-07-27,1299912.0,1299912.0
2017-07-28,1301296.0,1301296.0
2017-07-31,1309212.0,1309212.0
2017-08-01,1317056.0,1317056.0
2017-08-02,1314024.0,1314024.0
2017-08-03,1309172.0,1309172.0
2017-08-04,1304832.0,1304832.0
2017-08-07,1311784.0,1311784.0
2017-08-08,1312748.0,1312748.0
2017-08-09,1310228.0,1310228.0
2017-08-10,1304700.0,1304700.0
2017-08-11,1283416.0,1283416.0
2017-08-14,0.0,0.0
2017-08-15,0.0,0.0
2017-08-16,0.0,0.0
2017-08-17,0.0,0.0
2017-08-18,0.0,0.0
2017-08-21,0.0,0.0
2017-08-22,0.0,0.0
2017-08-23,0.0,0.0
2017-08-24,0.0,0.0
2017-08-25,0.0,0.0
2017-08-28,1345060.0,1345060.0
2017-08-29,1346092.0,1346092.0
2017-08-30,1345452.0,1345452.0
2017-08-31,1344324.0,1344324.0
2017-09-01,1346848.0,1346848.0
2017-09-04,1351832.0,1351832.0
2017-09-05,1353728.0,1353728.0
2017-09-06,1354156.0,1354156.0
2017-09-07,1346200.0,1346200.0
2017-09-08,1346096.0,1346096.0
2017-09-11,1350568.0,1350568.0
2017-09-12,1351796.0,1351796.0
2017-09-13,1353660.0,1353660.0
2017-09-14,1348572.0,1348572.0
2017-09-15,1341448.0,1341448.0
2017-09-18,1345144.0,1345144.0
2017-09-19,1342736.0,1342736.0
2017-09-20,1346400.0,1346400.0
2017-09-21,1343124.0,1343124.0
2017-09-22,1341012.0,1341012.0
2017-09-25,1336620.0,1336620.0
2017-09-26,1337432.0,1337432.0
2017-09-27,1338108.0,1338108.0
2017-09-28,1335856.0,1335856.0
2017-09-29,1339576.0,1339576.0
2017-10-09,1349752.0,1349752.0
2017-10-10,1353196.0,1353196.0
2017-10-11,1355312.0,1355312.0
2017-10-12,1354440.0,1354440.0
2017-10-13,1356208.0,1356208.0
2017-10-16,1351388.0,1351388.0
2017-10-17,1348816.0,1348816.0
2017-10-18,1352716.0,1352716.0
2017-10-19,1348068.0,1348068.0
2017-10-20,1351460.0,1351460.0
2017-10-23,1352280.0,1352280.0
2017-10-24,1355300.0,1355300.0
2017-10-25,1358760.0,1358760.0
2017-10-26,1363028.0,1363028.0
2017-10-27,1366724.0,1366724.0
2017-10-30,1356136.0,1356136.0
2017-10-31,1357336.0,1357336.0
2017-11-01,1358364.0,1358364.0
2017-11-02,1353324.0,1353324.0
2017-11-03,1348696.0,1348696.0
2017-11-06,1355268.0,1355268.0
2017-11-07,1365428.0,1365428.0
2017-11-08,1366184.0,1366184.0
2017-11-09,1371116.0,1371116.0
2017-11-10,1373068.0,1373068.0
2017-11-13,1379136.0,1379136.0
2017-11-14,1371820.0,1371820.0
2017-11-15,1361008.0,1361008.0
2017-11-16,1359700.0,1359700.0
2017-11-17,1353164.0,1353164.0
2017-11-20,1356960.0,1356960.0
2017-11-21,1364200.0,1364200.0
2017-11-22,1372184.0,1372184.0
2017-11-23,1340768.0,1340768.0
2017-11-24,1341528.0,1341528.0
2017-11-27,1328892.0,1328892.0
2017-11-28,0.0,0.0
2017-11-29,0.0,0.0
2017-11-30,0.0,0.0
2017-12-01,0.0,0.0
2017-12-04,0.0,0.0
2017-12-05,0.0,0.0
2017-12-06,0.0,0.0
2017-12-07,0.0,0.0
2017-12-08,0.0,0.0
2017-12-11,0.0,0.0
2017-12-12,0.0,0.0
2017-12-13,0.0,0.0
2017-12-14,0.0,0.0
2017-12-15,0.0,0.0
2017-12-18,0.0,0.0
2017-12-19,0.0,0.0
2017-12-20,0.0,0.0
2017-12-21,0.0,0.0
2017-12-22,0.0,0.0
2017-12-25,0.0,0.0
2017-12-26,0.0,0.0
2017-12-27,0.0,0.0
2017-12-28,0.0,0.0
2017-12-29,0.0,0.0
2018-01-02,0.0,0.0
2018-01-03,1347644.0,1347644.0
2018-01-04,1354284.0,1354284.0
2018-01-05,1356700.0,1356700.0
2018-01-08,1363792.0,1363792.0
2018-01-09,1365560.0,1365560.0
2018-01-10,1368732.0,1368732.0
2018-01-11,1370136.0,1370136.0
2018-01-12,1371576.0,1371576.0
2018-01-15,1364196.0,1364196.0
2018-01-16,1374636.0,1374636.0
2018-01-17,1377868.0,1377868.0
2018-01-18,1389900.0,1389900.0
2018-01-19,1395144.0,1395144.0
2018-01-22,1400544.0,1400544.0
2018-01-23,1418600.0,1418600.0
2018-01-24,1423788.0,1423788.0
2018-01-25,1419324.0,1419324.0
2018-01-26,1423252.0,1423252.0
2018-01-29,1409200.0,1409200.0
2018-01-30,1395204.0,1395204.0
2018-01-31,1392332.0,1392332.0
2018-02-01,1378792.0,1378792.0
2018-02-02,1384832.0,1384832.0
2018-02-05,1395000.0,1395000.0
2018-02-06,1348260.0,1348260.0
2018-02-07,0.0,0.0
2018-02-08,0.0,0.0
2018-02-09,0.0,0.0
2018-02-12,0.0,0.0
2018-02-13,0.0,0.0
2018-02-14,0.0,0.0
2018-02-22,0.0,0.0
2018-02-23,0.0,0.0
2018-02-26,0.0,0.0
2018-02-27,0.0,0.0
2018-02-28,0.0,0.0
2018-03-01,0.0,0.0
2018-03-02,0.0,0.0
2018-03-05,0.0,0.0
2018-03-06,0.0,0.0
2018-03-07,0.0,0.0
2018-03-08,0.0,0.0
2018-03-09,0.0,0.0
2018-03-12,0.0,0.0
2018-03-13,0.0,0.0
2018-03-14,0.0,0.0
2018-03-15,0.0,0.0
2018-03-16,0.0,0.0
2018-03-19,0.0,0.0
2018-03-20,0.0,0.0
2018-03-21,0.0,0.0
2018-03-22,0.0,0.0
2018-03-23,0.0,0.0
2018-03-26,0.0,0.0
2018-03-27,0.0,0.0
2018-03-28,0.0,0.0
2018-03-29,0.0,0.0
2018-03-30,0.0,0.0
2018-04-02,0.0,0.0
2018-04-03,0.0,0.0
2018-04-04,0.0,0.0
2018-04-09,0.0,0.0
2018-04-10,0.0,0.0
2018-04-11,0.0,0.0
2018-04-12,0.0,0.0
2018-04-13,0.0,0.0
2018-04-16,0.0,0.0
2018-04-17,0.0,0.0
2018-04-18,0.0,0.0
2018-04-19,0.0,0.0
2018-04-20,0.0,0.0
2018-04-23,0.0,0.0
2018-04-24,0.0,0.0
2018-04-25,0.0,0.0
2018-04-26,0.0,0.0
2018-04-27,0.0,0.0
2018-05-02,0.0,0.0
2018-05-03,0.0,0.0
2018-05-04,0.0,0.0
2018-05-07,0.0,0.0
2018-05-08,0.0,0.0
2018-05-09,0.0,0.0
2018-05-10,0.0,0.0
2018-05-11,0.0,0.0
2018-05-14,0.0,0.0
2018-05-15,0.0,0.0
2018-05-16,0.0,0.0
2018-05-17,0.0,0.0
2018-05-18,0.0,0.0
2018-05-21,0.0,0.0
2018-05-22,1285740.0,1285740.0
2018-05-23,1267584.0,1267584.0
2018-05-24,1261860.0,1261860.0
2018-05-25,1256520.0,1256520.0
2018-05-28,0.0,0.0
2018-05-29,0.0,0.0
2018-05-30,0.0,0.0
2018-05-31,0.0,0.0
2018-06-01,0.0,0.0
2018-06-04,0.0,0.0
2018-06-05,0.0,0.0
2018-06-06,0.0,0.0
2018-06-07,0.0,0.0
2018-06-08,0.0,0.0
2018-06-11,0.0,0.0
2018-06-12,0.0,0.0
2018-06-13,0.0,0.0
2018-06-14,0.0,0.0
2018-06-15,0.0,0.0
2018-06-19,0.0,0.0
2018-06-20,0.0,0.0
2018-06-21,0.0,0.0
2018-06-22,0.0,0.0
2018-06-25,0.0,0.0
2018-06-26,0.0,0.0
2018-06-27,0.0,0.0
2018-06-28,0.0,0.0
2018-06-29,0.0,0.0
2018-07-02,0.0,0.0
2018-07-03,0.0,0.0
2018-07-04,0.0,0.0
2018-07-05,0.0,0.0
2018-07-06,0.0,0.0
2018-07-09,0.0,0.0
2018-07-10,0.0,0.0
2018-07-11,0.0,0.0
2018-07-12,0.0,0.0
2018-07-13,0.0,0.0
2018-07-16,0.0,0.0
2018-07-17,0.0,0.0
2018-07-18,0.0,0.0
2018-07-19,0.0,0.0
2018-07-20,0.0,0.0
2018-07-23,0.0,0.0
2018-07-24,0.0,0.0
2018-07-25,0.0,0.0
2018-07-26,0.0,0.0
2018-07-27,0.0,0.0
2018-07-30,0.0,0.0
2018-07-31,0.0,0.0
2018-08-01,0.0,0.0
2018-08-02,0.0,0.0
2018-08-03,0.0,0.0
2018-08-06,0.0,0.0
2018-08-07,0.0,0.0
2018-08-08,0.0,0.0
2018-08-09,0.0,0.0
2018-08-10,0.0,0.0
2018-08-13,0.0,0.0
2018-08-14,0.0,0.0
2018-08-15,0.0,0.0
2018-08-16,0.0,0.0
2018-08-17,0.0,0.0
2018-08-20,0.0,0.0
2018-08-21,0.0,0.0
2018-08-22,0.0,0.0
2018-08-23,0.0,0.0
2018-08-24,0.0,0.0
2018-08-27,0.0,0.0
2018-08-28,0.0,0.0
2018-08-29,0.0,0.0
2018-08-30,0.0,0.0
2018-08-31,0.0,0.0
2018-09-03,0.0,0.0
2018-09-04,0.0,0.0
2018-09-05,0.0,0.0
2018-09-06,0.0,0.0
2018-09-07,0.0,0.0
2018-09-10,0.0,0.0
2018-09-11,0.0,0.0
2018-09-12,0.0,0.0
2018-09-13,0.0,0.0
2018-09-14,0.0,0.0
2018-09-17,0.0,0.0
2018-09-18,0.0,0.0
2018-09-19,0.0,0.0
2018-09-20,0.0,0.0
2018-09-21,0.0,0.0
2018-09-25,834342.0,834342.0
2018-09-26,842043.0,842043.0
2018-09-27,837531.0,837531.0
2018-09-28,846405.0,846405.0
2018-10-08,814953.0000000001,814953.0000000001
2018-10-09,816303.0000000001,816303.0000000001
2018-10-10,817752.0,817752.0
2018-10-11,775038.0,775038.0
2018-10-12,0.0,0.0
2018-10-15,0.0,0.0
2018-10-16,0.0,0.0
2018-10-17,0.0,0.0
2018-10-18,0.0,0.0
2018-10-19,0.0,0.0
2018-10-22,0.0,0.0
2018-10-23,0.0,0.0
2018-10-24,0.0,0.0
2018-10-25,0.0,0.0
2018-10-26,0.0,0.0
2018-10-29,0.0,0.0
2018-10-30,0.0,0.0
2018-10-31,0.0,0.0
2018-11-01,0.0,0.0
2018-11-02,0.0,0.0
2018-11-05,0.0,0.0
2018-11-06,0.0,0.0
2018-11-07,0.0,0.0
2018-11-08,0.0,0.0
2018-11-09,0.0,0.0
2018-11-12,0.0,0.0
2018-11-13,0.0,0.0
2018-11-14,0.0,0.0
2018-11-15,0.0,0.0
2018-11-16,0.0,0.0
2018-11-19,540702.0,540702.0
2018-11-20,529170.0,529170.0
2018-11-21,530302.0,530302.0
2018-11-22,529086.0,529086.0
2018-11-23,515896.0,515896.0
2018-11-26,0.0,0.0
2018-11-27,0.0,0.0
2018-11-28,0.0,0.0
2018-11-29,0.0,0.0
2018-11-30,0.0,0.0
2018-12-03,0.0,0.0
2018-12-04,0.0,0.0
2018-12-05,0.0,0.0
2018-12-06,0.0,0.0
2018-12-07,0.0,0.0
2018-12-10,0.0,0.0
2018-12-11,0.0,0.0
2018-12-12,0.0,0.0
2018-12-13,0.0,0.0
2018-12-14,0.0,0.0
2018-12-17,0.0,0.0
2018-12-18,0.0,0.0
2018-12-19,0.0,0.0
2018-12-20,0.0,0.0
2018-12-21,0.0,0.0
2018-12-24,0.0,0.0
2018-12-25,0.0,0.0
2018-12-26,0.0,0.0
2018-12-27,0.0,0.0
2018-12-28,0.0,0.0
2019-01-02,0.0,0.0
2019-01-03,0.0,0.0
2019-01-04,0.0,0.0
2019-01-07,0.0,0.0
2019-01-08,0.0,0.0
2019-01-09,0.0,0.0
2019-01-10,0.0,0.0
2019-01-11,0.0,0.0
2019-01-14,0.0,0.0
2019-01-15,0.0,0.0
2019-01-16,0.0,0.0
2019-01-17,0.0,0.0
2019-01-18,0.0,0.0
2019-01-21,0.0,0.0
2019-01-22,0.0,0.0
2019-01-23,0.0,0.0
2019-01-24,0.0,0.0
2019-01-25,0.0,0.0
2019-01-28,0.0,0.0
2019-01-29,0.0,0.0
2019-01-30,0.0,0.0
2019-01-31,0.0,0.0
2019-02-01,0.0,0.0
2019-02-11,0.0,0.0
2019-02-12,1068756.0,1068756.0
2019-02-13,1088428.0,1088428.0
2019-02-14,1087880.0,1087880.0
2019-02-15,1072956.0,1072956.0
2019-02-18,1101744.0,1101744.0
2019-02-19,1102260.0,1102260.0
2019-02-20,1104488.0,1104488.0
2019-02-21,1100720.0,1100720.0
2019-02-22,1121692.0,1121692.0
2019-02-25,1184512.0,1184512.0
2019-02-26,1176608.0,1176608.0
2019-02-27,1181528.0,1181528.0
2019-02-28,1176380.0,1176380.0
2019-03-01,1197600.0,1197600.0
2019-03-04,1211032.0,1211032.0
2019-03-05,1221700.0,1221700.0
2019-03-06,1240840.0,1240840.0
2019-03-07,1242568.0,1242568.0
2019-03-08,1187944.0,1187944.0
2019-03-11,1210796.0,1210796.0
2019-03-12,1224124.0,1224124.0
2019-03-13,1210780.0,1210780.0
2019-03-14,1196276.0,1196276.0
2019-03-15,1208700.0,1208700.0
2019-03-18,1238568.0,1238568.0
2019-03-19,1236392.0,1236392.0
2019-03-20,1236256.0,1236256.0
2019-03-21,1240584.0,1240584.0
2019-03-22,1241660.0,1241660.0
2019-03-25,1217212.0,1217212.0
2019-03-26,1198840.0,1198840.0
2019-03-27,1209088.0,1209088.0
2019-03-28,1197976.0,1197976.0
2019-03-29,1236304.0,1236304.0
2019-04-01,1268144.0,1268144.0
2019-04-02,1270728.0,1270728.0
2019-04-03,1286520.0,1286520.0
2019-04-04,1298628.0,1298628.0
2019-04-08,1297924.0,1297924.0
2019-04-09,1295864.0,1295864.0
2019-04-10,1296772.0,1296772.0
2019-04-11,1275984.0,1275984.0
2019-04-12,1275452.0,1275452.0
2019-04-15,1271116.0,1271116.0
2019-04-16,1301440.0,1301440.0
2019-04-17,1305248.0,1305248.0
2019-04-18,1300080.0,1300080.0
2019-04-19,1308320.0,1308320.0
2019-04-22,1286016.0,1286016.0
2019-04-23,1279436.0,1279436.0
2019-04-24,1280644.0,1280644.0
2019-04-25,1249532.0,1249532.0
2019-04-26,0.0,0.0
2019-04-29,0.0,0.0
2019-04-30,0.0,0.0
2019-05-06,0.0,0.0
2019-05-07,0.0,0.0
2019-05-08,0.0,0.0
2019-05-09,0.0,0.0
2019-05-10,0.0,0.0
2019-05-13,0.0,0.0
2019-05-14,0.0,0.0
2019-05-15,0.0,0.0
2019-05-16,0.0,0.0
2019-05-17,0.0,0.0
2019-05-20,0.0,0.0
2019-05-21,0.0,0.0
2019-05-22,0.0,0.0
2019-05-23,0.0,0.0
2019-05-24,0.0,0.0
2019-05-27,0.0,0.0
2019-05-28,0.0,0.0
2019-05-29,0.0,0.0
2019-05-30,0.0,0.0
2019-05-31,0.0,0.0
2019-06-03,0.0,0.0
2019-06-04,0.0,0.0
2019-06-05,0.0,0.0
2019-06-06,0.0,0.0
2019-06-10,0.0,0.0
2019-06-11,0.0,0.0
2019-06-12,0.0,0.0
2019-06-13,0.0,0.0
2019-06-14,0.0,0.0
2019-06-17,0.0,0.0
2019-06-18,0.0,0.0
2019-06-19,0.0,0.0
2019-06-20,0.0,0.0
2019-06-21,900594.0,900594.0
2019-06-24,902445.0,902445.0
2019-06-25,894621.0,894621.0
2019-06-26,892884.0000000001,892884.0000000001
2019-06-27,899037.0,899037.0
2019-06-28,893664.0,893664.0
2019-07-01,913470.0,913470.0
2019-07-02,913182.0,913182.0
2019-07-03,904578.0000000001,904578.0000000001
2019-07-04,901575.0,901575.0
2019-07-05,903318.0,903318.0
2019-07-08,880008.0,880008.0
2019-07-09,878469.0,878469.0
2019-07-10,874590.0,874590.0
2019-07-11,0.0,0.0
2019-07-12,0.0,0.0
2019-07-15,0.0,0.0
2019-07-16,0.0,0.0
2019-07-17,0.0,0.0
2019-07-18,0.0,0.0
2019-07-19,0.0,0.0
2019-07-22,0.0,0.0
2019-07-23,0.0,0.0
2019-07-24,0.0,0.0
2019-07-25,0.0,0.0
2019-07-26,0.0,0.0
2019-07-29,0.0,0.0
2019-07-30,0.0,0.0
2019-07-31,0.0,0.0
2019-08-01,0.0,0.0
2019-08-02,0.0,0.0
2019-08-05,0.0,0.0
2019-08-06,0.0,0.0
2019-08-07,0.0,0.0
2019-08-08,0.0,0.0
2019-08-09,0.0,0.0
2019-08-12,0.0,0.0
2019-08-13,0.0,0.0
2019-08-14,0.0,0.0
2019-08-15,0.0,0.0
2019-08-16,0.0,0.0
2019-08-19,0.0,0.0
2019-08-20,0.0,0.0
2019-08-21,0.0,0.0
2019-08-22,0.0,0.0
2019-08-23,0.0,0.0
2019-08-26,0.0,0.0
2019-08-27,0.0,0.0
2019-08-28,0.0,0.0
2019-08-29,0.0,0.0
2019-08-30,0.0,0.0
2019-09-02,0.0,0.0
2019-09-03,0.0,0.0
2019-09-04,0.0,0.0
2019-09-05,1194344.0,1194344.0
2019-09-06,1199840.0,1199840.0
2019-09-09,1209896.0,1209896.0
2019-09-10,1208480.0,1208480.0
2019-09-11,1203524.0,1203524.0
2019-09-12,1212496.0,1212496.0
2019-09-16,1212300.0,1212300.0
2019-09-17,1191248.0,1191248.0
2019-09-18,1194264.0,1194264.0
2019-09-19,1199712.0,1199712.0
2019-09-20,1202580.0,1202580.0
2019-09-23,1190832.0,1190832.0
2019-09-24,1194136.0,1194136.0
2019-09-25,1182172.0,1182172.0
2019-09-26,1171636.0,1171636.0
2019-09-27,1172868.0,1172868.0
2019-09-30,1162076.0,1162076.0
2019-10-08,0.0,0.0
2019-10-09,0.0,0.0
2019-10-10,0.0,0.0
2019-10-11,0.0,0.0
2019-10-14,0.0,0.0
2019-10-15,0.0,0.0
2019-10-16,0.0,0.0
2019-10-17,0.0,0.0
2019-10-18,0.0,0.0
2019-10-21,0.0,0.0
2019-10-22,0.0,0.0
2019-10-23,0.0,0.0
2019-10-24,0.0,0.0
2019-10-25,0.0,0.0
2019-10-28,0.0,0.0
2019-10-29,0.0,0.0
2019-10-30,0.0,0.0
2019-10-31,0.0,0.0
2019-11-01,0.0,0.0
2019-11-04,0.0,0.0
2019-11-05,0.0,0.0
2019-11-06,0.0,0.0
2019-11-07,0.0,0.0
2019-11-08,0.0,0.0
2019-11-11,0.0,0.0
2019-11-12,0.0,0.0
2019-11-13,0.0,0.0
2019-11-14,0.0,0.0
2019-11-15,0.0,0.0
2019-11-18,0.0,0.0
2019-11-19,0.0,0.0
2019-11-20,0.0,0.0
2019-11-21,0.0,0.0
2019-11-22,0.0,0.0
2019-11-25,0.0,0.0
2019-11-26,0.0,0.0
2019-11-27,0.0,0.0
2019-11-28,0.0,0.0
2019-11-29,0.0,0.0
2019-12-02,0.0,0.0
2019-12-03,0.0,0.0
2019-12-04,0.0,0.0
2019-12-05,0.0,0.0
2019-12-06,0.0,0.0
2019-12-09,0.0,0.0
2019-12-10,0.0,0.0
2019-12-11,0.0,0.0
2019-12-12,0.0,0.0
2019-12-13,0.0,0.0
2019-12-16,0.0,0.0
2019-12-17,0.0,0.0
2019-12-18,0.0,0.0
2019-12-19,0.0,0.0
2019-12-20,0.0,0.0
2019-12-23,0.0,0.0
2019-12-24,0.0,0.0
2019-12-25,0.0,0.0
2019-12-26,0.0,0.0
2019-12-27,0.0,0.0
2019-12-30,0.0,0.0
2019-12-31,0.0,0.0
2020-01-02,0.0,0.0
2020-01-03,0.0,0.0
2020-01-06,0.0,0.0
2020-01-07,0.0,0.0
2020-01-08,0.0,0.0
2020-01-09,0.0,0.0
2020-01-10,0.0,0.0
2020-01-13,0.0,0.0
2020-01-14,0.0,0.0
2020-01-15,0.0,0.0
2020-01-16,0.0,0.0
2020-01-17,0.0,0.0
2020-01-20,0.0,0.0
2020-01-21,0.0,0.0
2020-01-22,0.0,0.0
2020-01-23,0.0,0.0
2020-02-03,0.0,0.0
2020-02-04,0.0,0.0
2020-02-05,0.0,0.0
2020-02-06,0.0,0.0
2020-02-07,0.0,0.0
2020-02-10,0.0,0.0
2020-02-11,0.0,0.0
2020-02-12,0.0,0.0
2020-02-13,0.0,0.0
2020-02-14,0.0,0.0
2020-02-17,0.0,0.0
2020-02-18,0.0,0.0
2020-02-19,0.0,0.0
2020-02-20,0.0,0.0
2020-02-21,0.0,0.0
2020-02-24,0.0,0.0
2020-02-25,0.0,0.0
2020-02-26,0.0,0.0
2020-02-27,0.0,0.0
2020-02-28,0.0,0.0
2020-03-02,0.0,0.0
2020-03-03,0.0,0.0
2020-03-04,0.0,0.0
2020-03-05,0.0,0.0
2020-03-06,606902.0,606902.0
2020-03-09,588658.0,588658.0
2020-03-10,599352.0,599352.0
2020-03-11,593704.0,593704.0
2020-03-12,584698.0,584698.0
2020-03-13,577486.0,577486.0
2020-03-16,0.0,0.0
2020-03-17,0.0,0.0
2020-03-18,0.0,0.0
2020-03-19,0.0,0.0
2020-03-20,0.0,0.0
2020-03-23,0.0,0.0
2020-03-24,0.0,0.0
2020-03-25,0.0,0.0
2020-03-26,0.0,0.0
2020-03-27,0.0,0.0
2020-03-30,0.0,0.0
2020-03-31,0.0,0.0
2020-04-01,0.0,0.0
2020-04-02,0.0,0.0
2020-04-03,0.0,0.0
2020-04-07,0.0,0.0
2020-04-08,0.0,0.0
2020-04-09,0.0,0.0
2020-04-10,0.0,0.0
2020-04-13,0.0,0.0
2020-04-14,0.0,0.0
2020-04-15,0.0,0.0
2020-04-16,0.0,0.0
2020-04-17,0.0,0.0
2020-04-20,0.0,0.0
2020-04-21,0.0,0.0
2020-04-22,0.0,0.0
2020-04-23,0.0,0.0
2020-04-24,0.0,0.0
2020-04-27,0.0,0.0
2020-04-28,0.0,0.0
2020-04-29,0.0,0.0
2020-04-30,0.0,0.0
2020-05-06,1151256.0,1151256.0
2020-05-07,1148608.0,1148608.0
2020-05-08,1158136.0,1158136.0
2020-05-11,1157920.0,1157920.0
2020-05-12,1156624.0,1156624.0
2020-05-13,1159220.0,1159220.0
2020-05-14,1148136.0,1148136.0
2020-05-15,1147384.0,1147384.0
2020-05-18,1150168.0,1150168.0
2020-05-19,1159432.0,1159432.0
2020-05-20,1153496.0,1153496.0
2020-05-21,1147168.0,1147168.0
2020-05-22,1125508.0,1125508.0
2020-05-25,1127188.0,1127188.0
2020-05-26,1138620.0,1138620.0
2020-05-27,1134720.0,1134720.0
2020-05-28,1138488.0,1138488.0
2020-05-29,1140940.0,1140940.0
2020-06-01,1166172.0,1166172.0
2020-06-02,1168560.0,1168560.0
2020-06-03,1169348.0,1169348.0
2020-06-04,1167700.0,1167700.0
2020-06-05,1172320.0,1172320.0
2020-06-08,1175108.0,1175108.0
2020-06-09,1182444.0,1182444.0
2020-06-10,1177500.0,1177500.0
2020-06-11,1168360.0,1168360.0
2020-06-12,1167896.0,1167896.0
2020-06-15,1156012.0,1156012.0
2020-06-16,1172700.0,1172700.0
2020-06-17,1174348.0,1174348.0
2020-06-18,1175728.0,1175728.0
2020-06-19,1187052.0,1187052.0
2020-06-22,1186108.0,1186108.0
2020-06-23,1188248.0,1188248.0
2020-06-24,1191820.0,1191820.0
2020-06-29,1184608.0,1184608.0
2020-06-30,1193868.0,1193868.0
2020-07-01,1210392.0,1210392.0
2020-07-02,1236228.0,1236228.0
2020-07-03,1261124.0,1261124.0
2020-07-06,1333152.0,1333152.0
2020-07-07,1338136.0,1338136.0
2020-07-08,1361376.0,1361376.0
2020-07-09,1380236.0,1380236.0
2020-07-10,1353328.0,1353328.0
2020-07-13,1377316.0,1377316.0
2020-07-14,1365848.0,1365848.0
2020-07-15,1344520.0,1344520.0
2020-07-16,1284040.0,1284040.0
2020-07-17,1285652.0,1285652.0
2020-07-20,1325660.0,1325660.0
2020-07-21,1328356.0,1328356.0
2020-07-22,1333264.0,1333264.0
2020-07-23,1330044.0,1330044.0
2020-07-24,1278708.0,1278708.0
2020-07-27,1282092.0,1282092.0
2020-07-28,1291184.0,1291184.0
2020-07-29,1317820.0,1317820.0
2020-07-30,1314728.0,1314728.0
2020-07-31,1324004.0,1324004.0
2020-08-03,1347188.0,1347188.0
2020-08-04,1348676.0,1348676.0
2020-08-05,1351024.0,1351024.0
2020-08-06,1354584.0,1354584.0
2020-08-07,1341616.0,1341616.0
2020-08-10,1351700.0,1351700.0
2020-08-11,1336116.0,1336116.0
2020-08-12,1327708.0,1327708.0
2020-08-13,1328292.0,1328292.0
2020-08-14,1344040.0,1344040.0
2020-08-17,1375520.0,1375520.0
2020-08-18,1380436.0,1380436.0
2020-08-19,1363252.0,1363252.0
2020-08-20,1345560.0,1345560.0
2020-08-21,1352272.0,1352272.0
2020-08-24,1354256.0,1354256.0
2020-08-25,1349432.0,1349432.0
2020-08-26,1331896.0,1331896.0
2020-08-27,1340044.0,1340044.0
2020-08-28,1361524.0,1361524.0
2020-08-31,1358272.0,1358272.0
2020-09-01,1364244.0,1364244.0
2020-09-02,1361920.0,1361920.0
2020-09-03,1353992.0,1353992.0
2020-09-04,1342148.0,1342148.0
2020-09-07,1317036.0,1317036.0
2020-09-08,0.0,0.0
2020-09-09,0.0,0.0
2020-09-10,0.0,0.0
2020-09-11,0.0,0.0
2020-09-14,0.0,0.0
2020-09-15,0.0,0.0
2020-09-16,0.0,0.0
2020-09-17,0.0,0.0
2020-09-18,0.0,0.0
2020-09-21,0.0,0.0
2020-09-22,0.0,0.0
2020-09-23,0.0,0.0
2020-09-24,0.0,0.0
2020-09-25,0.0,0.0
2020-09-28,0.0,0.0
2020-09-29,0.0,0.0
2020-09-30,0.0,0.0
2020-10-09,0.0,0.0
2020-10-12,0.0,0.0
2020-10-13,0.0,0.0
2020-10-14,0.0,0.0
2020-10-15,0.0,0.0
2020-10-16,0.0,0.0
2020-10-19,0.0,0.0
2020-10-20,0.0,0.0
2020-10-21,0.0,0.0
2020-10-22,0.0,0.0
2020-10-23,0.0,0.0
2020-10-26,0.0,0.0
2020-10-27,0.0,0.0
2020-10-28,0.0,0.0
2020-10-29,0.0,0.0
2020-10-30,0.0,0.0
2020-11-02,0.0,0.0
2020-11-03,0.0,0.0
2020-11-04,0.0,0.0
2020-11-05,0.0,0.0
2020-11-06,0.0,0.0
2020-11-09,0.0,0.0
2020-11-10,1008045.0,1008045.0
2020-11-11,1002660.0,1002660.0
2020-11-12,1001604.0,1001604.0
2020-11-13,993030.0,993030.0
2020-11-16,1004090.9999999999,1004090.9999999999
2020-11-17,1001970.0,1001970.0
2020-11-18,1004190.0,1004190.0
2020-11-19,1008927.0,1008927.0
2020-11-20,1013319.0,1013319.0
2020-11-23,1024346.9999999999,1024346.9999999999
2020-11-24,1020846.0,1020846.0
2020-11-25,1008699.0,1008699.0
2020-11-26,1010919.0,1010919.0
2020-11-27,1022493.0,1022493.0
2020-11-30,1017528.0000000001,1017528.0000000001
2020-12-01,1035582.0,1035582.0
2020-12-02,1034814.0,1034814.0
2020-12-03,1032642.0,1032642.0
2020-12-04,1033374.0,1033374.0
2020-12-07,1024980.0,1024980.0
2020-12-08,1023054.0,1023054.0
2020-12-09,1011588.0,1011588.0
2020-12-10,1011984.0000000001,1011984.0000000001
2020-12-11,1004157.0,1004157.0
2020-12-14,1010736.0,1010736.0
2020-12-15,1010169.0,1010169.0
2020-12-16,1010094.0,1010094.0
2020-12-17,1021461.0,1021461.0
2020-12-18,1018470.0,1018470.0
2020-12-21,1026171.0,1026171.0
2020-12-22,1007034.0000000001,1007034.0000000001
2020-12-23,1014696.0,1014696.0
2020-12-24,1008933.0,1008933.0
2020-12-25,1018968.0,1018968.0
2020-12-28,1019187.0,1019187.0
2020-12-29,1013712.0,1013712.0
2020-12-30,1024335.0,1024335.0
2020-12-31,1041921.0,1041921.0
2021-01-04,1050888.0,1050888.0
2021-01-05,1058604.0,1058604.0
2021-01-06,1065264.0,1065264.0
2021-01-07,1072860.0,1072860.0
2021-01-08,1071033.0,1071033.0
2021-01-11,1059450.0,1059450.0
2021-01-12,1082502.0,1082502.0
2021-01-13,1079595.0,1079595.0
2021-01-14,1069770.0,1069770.0
2021-01-15,1069914.0,1069914.0
2021-01-18,1078866.0,1078866.0
2021-01-19,1069914.0,1069914.0
2021-01-20,1074927.0,1074927.0
2021-01-21,1086378.0,1086378.0
2021-01-22,1082025.0,1082025.0
2021-01-25,1087272.0,1087272.0
2021-01-26,1070829.0,1070829.0
2021-01-27,1072002.0,1072002.0
2021-01-28,1051554.0,1051554.0
2021-01-29,0.0,0.0
2021-02-01,0.0,0.0
2021-02-02,0.0,0.0
2021-02-03,0.0,0.0
2021-02-04,0.0,0.0
2021-02-05,0.0,0.0
2021-02-08,0.0,0.0
2021-02-09,0.0,0.0
2021-02-10,0.0,0.0
2021-02-18,1102608.0,1102608.0
2021-02-19,1108851.0,1108851.0
2021-02-22,1092732.0,1092732.0
2021-02-23,1090908.0,1090908.0
2021-02-24,1069224.0,1069224.0
2021-02-25,0.0,0.0
2021-02-26,0.0,0.0
